{"cameraMode":{"drawMode":0,"name":"Shaded","section":"Shading Mode"},"sceneLighting":false,"audioPlay":false,"sceneViewState":{"m_AlwaysRefresh":false,"showFog":true,"showSkybox":false,"showFlares":true,"showImageEffects":true,"showParticleSystems":true,"showVisualEffectGraphs":true,"m_FxEnabled":true},"in2DMode":false,"pivot":{"x":-0.00637209415435791,"y":0.0580582320690155,"z":0.05459713935852051},"rotation":{"x":-0.08808798342943192,"y":0.016434570774435998,"z":-0.0014074804494157434,"w":-0.9960358738899231},"size":1.7111538648605347,"orthographic":false}