{"cameraMode":{"drawMode":0,"name":"Shaded","section":"Shading Mode"},"sceneLighting":false,"audioPlay":false,"sceneViewState":{"m_AlwaysRefresh":false,"showFog":true,"showSkybox":false,"showFlares":true,"showImageEffects":true,"showParticleSystems":true,"showVisualEffectGraphs":true,"m_FxEnabled":true},"in2DMode":false,"pivot":{"x":-0.0033218562602996828,"y":0.49614301323890688,"z":0.0021247267723083498},"rotation":{"x":0.014439515769481659,"y":0.326854407787323,"z":0.005034953355789185,"w":-0.9450128078460693},"size":0.9010524749755859,"orthographic":false}