{"cameraMode":{"drawMode":0,"name":"Shaded","section":"Shading Mode"},"sceneLighting":false,"audioPlay":false,"sceneViewState":{"m_AlwaysRefresh":false,"showFog":true,"showSkybox":false,"showFlares":true,"showImageEffects":true,"showParticleSystems":true,"showVisualEffectGraphs":true,"m_FxEnabled":true},"in2DMode":false,"pivot":{"x":9.313225746154785e-8,"y":0.013489978387951851,"z":3.725290298461914e-8},"rotation":{"x":0.014439515769481659,"y":0.326854407787323,"z":0.005034953355789185,"w":-0.9450128078460693},"size":0.11190909892320633,"orthographic":false}