{"cameraMode":{"drawMode":0,"name":"Shaded","section":"Shading Mode"},"sceneLighting":false,"audioPlay":false,"sceneViewState":{"m_AlwaysRefresh":false,"showFog":true,"showSkybox":false,"showFlares":true,"showImageEffects":true,"showParticleSystems":true,"showVisualEffectGraphs":true,"m_FxEnabled":true},"in2DMode":false,"pivot":{"x":-1.1920928955078126e-7,"y":0.5409214496612549,"z":-0.004977226257324219},"rotation":{"x":-0.002273958409205079,"y":0.9968671798706055,"z":-0.02991938591003418,"w":-0.07400341331958771},"size":0.9160025715827942,"orthographic":false}