{"cameraMode":{"drawMode":0,"name":"Shaded","section":"Shading Mode"},"sceneLighting":false,"audioPlay":false,"sceneViewState":{"m_AlwaysRefresh":false,"showFog":true,"showSkybox":false,"showFlares":true,"showImageEffects":true,"showParticleSystems":true,"showVisualEffectGraphs":true,"m_FxEnabled":true},"in2DMode":false,"pivot":{"x":0.001408904790878296,"y":0.053855158388614658,"z":-0.002155005931854248},"rotation":{"x":0.014439515769481659,"y":0.326854407787323,"z":0.005034953355789185,"w":-0.9450128078460693},"size":0.7317963242530823,"orthographic":false}