{"cameraMode":{"drawMode":0,"name":"Shaded","section":"Shading Mode"},"sceneLighting":true,"audioPlay":false,"sceneViewState":{"m_AlwaysRefresh":false,"showFog":true,"showSkybox":true,"showFlares":true,"showImageEffects":true,"showParticleSystems":true,"showVisualEffectGraphs":true,"m_FxEnabled":true},"in2DMode":false,"pivot":{"x":-1.4519221782684327,"y":0.018556833267211915,"z":0.2614173889160156},"rotation":{"x":0.16637088358402253,"y":-0.0995125025510788,"z":0.01690729521214962,"w":0.9809331297874451},"size":6.230111122131348,"orthographic":false}