{"cameraMode":{"drawMode":0,"name":"Shaded","section":"Shading Mode"},"sceneLighting":false,"audioPlay":false,"sceneViewState":{"m_AlwaysRefresh":false,"showFog":true,"showSkybox":false,"showFlares":true,"showImageEffects":true,"showParticleSystems":true,"showVisualEffectGraphs":true,"m_FxEnabled":true},"in2DMode":false,"pivot":{"x":0.0015521422028541566,"y":0.24745295941829682,"z":0.0002570152282714844},"rotation":{"x":-0.002273958409205079,"y":0.9968671798706055,"z":-0.02991938591003418,"w":-0.07400341331958771},"size":0.29922473430633547,"orthographic":false}