{"cameraMode":{"drawMode":0,"name":"Shaded","section":"Shading Mode"},"sceneLighting":false,"audioPlay":false,"sceneViewState":{"m_AlwaysRefresh":false,"showFog":false,"showSkybox":false,"showFlares":false,"showImageEffects":false,"showParticleSystems":false,"showVisualEffectGraphs":true,"m_FxEnabled":true},"in2DMode":false,"pivot":{"x":-0.05919599533081055,"y":0.8075457811355591,"z":0.19275683164596559},"rotation":{"x":0.08515965938568115,"y":0.07616575062274933,"z":-0.006512324325740337,"w":0.9934783577919006},"size":1.752813458442688,"orthographic":false}