{"cameraMode":{"drawMode":0,"name":"Shaded","section":"Shading Mode"},"sceneLighting":false,"audioPlay":false,"sceneViewState":{"m_AlwaysRefresh":false,"showFog":true,"showSkybox":false,"showFlares":true,"showImageEffects":true,"showParticleSystems":true,"showVisualEffectGraphs":true,"m_FxEnabled":true},"in2DMode":false,"pivot":{"x":-0.0639808177947998,"y":0.5075433254241943,"z":0.002345472574234009},"rotation":{"x":-0.22254513204097749,"y":0.30673426389694216,"z":-0.07397402822971344,"w":-0.9225139617919922},"size":1.1863446235656739,"orthographic":false}