{"cameraMode":{"drawMode":0,"name":"Shaded","section":"Shading Mode"},"sceneLighting":false,"audioPlay":false,"sceneViewState":{"m_AlwaysRefresh":false,"showFog":true,"showSkybox":false,"showFlares":true,"showImageEffects":true,"showParticleSystems":true,"showVisualEffectGraphs":true,"m_FxEnabled":true},"in2DMode":false,"pivot":{"x":-5.960464477539063e-7,"y":0.5469746589660645,"z":5.960464477539063e-8},"rotation":{"x":-0.22254513204097749,"y":0.30673426389694216,"z":-0.07397402822971344,"w":-0.9225139617919922},"size":0.6784902811050415,"orthographic":false}