{"cameraMode":{"drawMode":0,"name":"Shaded","section":"Shading Mode"},"sceneLighting":false,"audioPlay":false,"sceneViewState":{"m_AlwaysRefresh":false,"showFog":true,"showSkybox":false,"showFlares":true,"showImageEffects":true,"showParticleSystems":true,"showVisualEffectGraphs":true,"m_FxEnabled":true},"in2DMode":false,"pivot":{"x":5.816883087158203,"y":-3.2389121055603029,"z":-7.557212829589844},"rotation":{"x":-0.05218122527003288,"y":-0.014982991851866246,"z":0.0008317310130223632,"w":-0.9985858798027039},"size":2.367081642150879,"orthographic":false}