{"cameraMode":{"drawMode":0,"name":"Shaded","section":"Shading Mode"},"sceneLighting":true,"audioPlay":false,"sceneViewState":{"m_AlwaysRefresh":false,"showFog":true,"showSkybox":true,"showFlares":true,"showImageEffects":true,"showParticleSystems":true,"showVisualEffectGraphs":true,"m_FxEnabled":true},"in2DMode":false,"pivot":{"x":-9.335216522216797,"y":-0.23430490493774415,"z":-3.550692081451416},"rotation":{"x":-0.05218122527003288,"y":-0.014982991851866246,"z":0.0008317310130223632,"w":-0.9985858798027039},"size":7.860347270965576,"orthographic":false}