{"cameraMode":{"drawMode":0,"name":"Shaded","section":"Shading Mode"},"sceneLighting":false,"audioPlay":false,"sceneViewState":{"m_AlwaysRefresh":false,"showFog":true,"showSkybox":false,"showFlares":true,"showImageEffects":true,"showParticleSystems":true,"showVisualEffectGraphs":true,"m_FxEnabled":true},"in2DMode":false,"pivot":{"x":0.0774688869714737,"y":0.015300627797842026,"z":-0.11314935982227326},"rotation":{"x":0.07373927533626557,"y":-0.015572129748761654,"z":0.001052232226356864,"w":0.9972253441810608},"size":0.0070681339129805569,"orthographic":false}